{
    "Molecular_weight MW (g/mol)": {
        "mean": 263.36534428571423,
        "std": 143.38303722485608
    },
    "pKa": {
        "mean": 7.2454285714285716,
        "std": 8.77746818128493
    },
    "Log P": {
        "mean": 0.4245714285714287,
        "std": 2.245814319836721
    },
    "Log S": {
        "mean": -1.9034285714285712,
        "std": 1.7559937241299224
    },
    "Polar Surface Area (\u00c52)": {
        "mean": 84.93971428571429,
        "std": 57.81107496397033
    },
    "Polarizability (\u00c53)": {
        "mean": 27.154857142857146,
        "std": 15.61722727748862
    },
    "HOMO (eV)": {
        "mean": -5.898414285714287,
        "std": 0.5487227114687642
    },
    "LUMO (eV)": {
        "mean": -1.5530428571428572,
        "std": 2.270385539542407
    },
    "Electronegativity (eV)": {
        "mean": 3.725728571428572,
        "std": 1.2169195321610635
    },
    "\u0394N_Fe": {
        "mean": 0.8051833582187449,
        "std": 0.231449409135988
    },
    "Another_Parameter": {
        "mean": 89.6949142857143,
        "std": 6.523988750850547
    }
}
